"source_id","organization","material","official_url","retrieved_date","observed_rights_signal","provisional_classification","repository_storage","quotation_or_analysis","adaptation_or_redistribution","model_training","affiliation_or_trademark","review_expiry","status"
"RA-001","Alcoholics Anonymous World Services","Website Terms of Use","https://www.aa.org/terms-of-use","2026-07-16","Official terms reserve rights and describe limited use plus jurisdiction-dependent public-domain material.","Legal review required","Metadata and link only pending review","Permission or an applicable exception must be confirmed","Permission required unless counsel confirms an applicable right","Not authorized","Separate trademark and non-affiliation review required","2026-10-16","Provisional; no release authorization"
"RA-002","Narcotics Anonymous World Services / Fellowship Intellectual Property Trust","FIPT FAQ","https://na.org/service-material/fipt/fipt-faq/","2026-07-16","Official FAQ identifies the trust and governance of NA intellectual property.","Permission required; legal review required","Metadata and link only pending review","Not established by this desk review","Not authorized","Not authorized","Separate fellowship permission and non-affiliation review required","2026-10-16","Provisional; no release authorization"
"RA-003","Narcotics Anonymous World Services","Bulletin 35: NA Copyrights and Literature","https://www.na.org/wp-content/uploads/2024/06/Bulletin-35-NA-Copyrights-and-Literature-2020.pdf","2026-07-16","Official bulletin discusses NA copyrights and literature handling.","Permission required; legal review required","Metadata and link only pending review","Not established by this desk review","Not authorized","Not authorized","Separate fellowship permission and non-affiliation review required","2026-10-16","Provisional; no release authorization"
"RA-004","International Service Organization of SAA","First Step to Recovery literature page","https://saa-recovery.org/literature/first-step-to-recovery-a-guide-to-working-the-first-step/","2026-07-16","Official page contains a copyright notice for the literature.","Permission required; legal review required","Metadata and link only pending review","Not established by this desk review","Not authorized","Not authorized","Separate fellowship permission and non-affiliation review required","2026-10-16","Provisional; no release authorization"
"RA-005","Recovery Dharma","Recovery Dharma book","https://recoverydharma.org/resources/recovery-dharma-book/","2026-07-16","Official page states that the book is offered under CC BY-NC 4.0.","Openly licensed for license-compatible uses; legal review required","Potentially permitted with attribution and license compliance; not yet approved","Potentially permitted within license scope and attribution; exact use requires review","Noncommercial adaptation may be permitted by license; product/business context requires legal review","Not authorized; license compatibility and data governance unresolved","Non-affiliation and attribution review required","2026-10-16","Provisional; no release authorization"
"RA-006","Recovery Dharma","Resources other than the identified book","https://recoverydharma.org/resources/","2026-07-16","Official resources page was reviewed; one page-level book license must not be generalized to every resource.","Legal review required","Metadata and link only pending item-level review","Item-level terms required","Item-level terms required","Not authorized","Non-affiliation and attribution review required","2026-10-16","Provisional; no release authorization"
"RA-007","SMART Recovery","Program materials and tools","https://smartrecovery.org/","2026-07-16","No item-level reuse permission was established in this targeted review.","Legal review required","Metadata and link only pending review","Not established","Not authorized","Not authorized","Trademark and non-affiliation review required","2026-10-16","Open question; no release authorization"
"RA-008","LifeRing Secular Recovery","Program materials","https://lifering.org/","2026-07-16","No item-level reuse permission was established in this targeted review.","Legal review required","Metadata and link only pending review","Not established","Not authorized","Not authorized","Trademark and non-affiliation review required","2026-10-16","Open question; no release authorization"
"RA-009","Women for Sobriety","New Life Program materials","https://womenforsobriety.org/new-life-program/","2026-07-16","No item-level reuse permission was established in this targeted review.","Legal review required","Metadata and link only pending review","Not established","Not authorized","Not authorized","Trademark and non-affiliation review required","2026-10-16","Open question; no release authorization"
